{
	"credit": "Made with Blockbench",
	"textures": {
		"0": "block/stone_bricks",
		"particle": "block/stone_bricks"
	},
	"elements": [
		{
			"from": [5, 0, 5],
			"to": [11, 16, 11],
			"faces": {
				"north": {"uv": [2, 0, 8, 16], "texture": "#0"},
				"east": {"uv": [2, 0, 8, 16], "texture": "#0"},
				"south": {"uv": [2, 0, 8, 16], "texture": "#0"},
				"west": {"uv": [2, 0, 8, 16], "texture": "#0"},
				"up": {"uv": [0, 0, 6, 6], "texture": "#0"},
				"down": {"uv": [0, 0, 6, 6], "texture": "#0"}
			}
		}
	],
	"display": {
		"thirdperson_righthand": {
			"rotation": [75, 45, 0],
			"translation": [0, 2.5, 0],
			"scale": [0.375, 0.375, 0.375]
		},
		"gui": {
			"rotation": [27, -38, 0],
			"scale": [0.7, 0.7, 0.7]
		}
	}
}