{
	"credit": "Made with Blockbench",
	"textures": {
		"0": "block/stone_bricks",
		"1": "block/cartography_table_side3",
		"particle": "block/stone_bricks"
	},
	"elements": [
		{
			"from": [0, 0, 0],
			"to": [16, 16, 8],
			"faces": {
				"north": {"uv": [0, 0, 16, 16], "texture": "#0"},
				"east": {"uv": [0, 0, 8, 16], "texture": "#0"},
				"south": {"uv": [0, 0, 16, 16], "texture": "#0"},
				"west": {"uv": [0, 0, 8, 16], "texture": "#0"},
				"up": {"uv": [0, 0, 16, 8], "texture": "#0"},
				"down": {"uv": [0, 0, 16, 8], "texture": "#0"}
			}
		},
		{
			"from": [0, 0, 8],
			"to": [2, 12, 15],
			"faces": {
				"north": {"uv": [1, 4, 3, 16], "texture": "#1"},
				"east": {"uv": [7, 4, 0, 16], "texture": "#1"},
				"south": {"uv": [1, 4, 3, 16], "texture": "#1"},
				"west": {"uv": [0, 4, 7, 16], "texture": "#1"},
				"up": {"uv": [0, 2, 7, 4], "rotation": 90, "texture": "#1"},
				"down": {"uv": [7, 2, 0, 4], "rotation": 90, "texture": "#1"}
			}
		},
		{
			"from": [14, 0, 8],
			"to": [16, 12, 15],
			"faces": {
				"north": {"uv": [1, 4, 3, 16], "texture": "#1"},
				"east": {"uv": [7, 4, 0, 16], "texture": "#1"},
				"south": {"uv": [1, 4, 3, 16], "texture": "#1"},
				"west": {"uv": [0, 4, 7, 16], "texture": "#1"},
				"up": {"uv": [0, 2, 7, 4], "rotation": 90, "texture": "#1"},
				"down": {"uv": [7, 2, 0, 4], "rotation": 90, "texture": "#1"}
			}
		},
		{
			"from": [0, 0, 15],
			"to": [16, 12, 17],
			"faces": {
				"north": {"uv": [0, 0, 16, 12], "texture": "#1"},
				"east": {"uv": [8, 4, 10, 16], "texture": "#1"},
				"south": {"uv": [0, 4, 16, 16], "texture": "#1"},
				"west": {"uv": [10, 4, 8, 16], "texture": "#1"},
				"up": {"uv": [0, 0, 16, 2], "texture": "#1"},
				"down": {"uv": [0, 16, 16, 14], "texture": "#1"}
			}
		},
		{
			"from": [0, 12, 8],
			"to": [6, 13, 18],
			"faces": {
				"north": {"uv": [0, 0, 6, 1], "texture": "#1"},
				"east": {"uv": [0, 0, 9, 1], "texture": "#1"},
				"south": {"uv": [0, 0, 6, 1], "texture": "#1"},
				"west": {"uv": [0, 0, 9, 1], "texture": "#1"},
				"up": {"uv": [0, 0, 6, 10], "texture": "#1"},
				"down": {"uv": [0, 0, 6, 10], "texture": "#1"}
			}
		},
		{
			"from": [10, 12, 8],
			"to": [16, 13, 18],
			"faces": {
				"north": {"uv": [10, 0, 16, 1], "texture": "#1"},
				"east": {"uv": [5, 0, 16, 1], "texture": "#1"},
				"south": {"uv": [10, 0, 16, 1], "texture": "#1"},
				"west": {"uv": [5, 0, 16, 1], "texture": "#1"},
				"up": {"uv": [10, 0, 16, 10], "texture": "#1"},
				"down": {"uv": [10, 0, 16, 10], "texture": "#1"}
			}
		},
		{
			"from": [2, 11, 9],
			"to": [14, 12, 10],
			"faces": {
				"north": {"uv": [0, 1, 1, 13], "rotation": 90, "texture": "#1"},
				"east": {"uv": [0, 13, 1, 14], "texture": "#1"},
				"south": {"uv": [0, 1, 1, 13], "rotation": 90, "texture": "#1"},
				"west": {"uv": [0, 14, 1, 15], "texture": "#1"},
				"up": {"uv": [0, 1, 1, 13], "rotation": 90, "texture": "#1"},
				"down": {"uv": [0, 1, 1, 13], "rotation": 90, "texture": "#1"}
			}
		},
		{
			"from": [6, 12, 8],
			"to": [10, 13, 11],
			"faces": {
				"north": {"uv": [6, 0, 10, 1], "texture": "#1"},
				"east": {"uv": [6, 0, 9, 1], "texture": "#1"},
				"south": {"uv": [6, 0, 10, 1], "texture": "#1"},
				"west": {"uv": [6, 0, 9, 1], "texture": "#1"},
				"up": {"uv": [6, 0, 10, 3], "texture": "#1"},
				"down": {"uv": [6, 0, 10, 3], "texture": "#1"}
			}
		},
		{
			"from": [6, 12, 15],
			"to": [10, 13, 18],
			"faces": {
				"north": {"uv": [6, 13, 10, 14], "texture": "#1"},
				"east": {"uv": [6, 13, 8, 14], "texture": "#1"},
				"south": {"uv": [6, 13, 10, 14], "texture": "#1"},
				"west": {"uv": [6, 13, 8, 14], "texture": "#1"},
				"up": {"uv": [6, 13, 10, 16], "texture": "#1"},
				"down": {"uv": [6, 13, 10, 16], "texture": "#1"}
			}
		}
	],
	"display": {
		"thirdperson_righthand": {
			"rotation": [75, 45, 0],
			"translation": [0, 2.5, 0],
			"scale": [0.375, 0.375, 0.375]
		},
		"thirdperson_lefthand": {
			"rotation": [75, 45, 0],
			"translation": [0, 2.5, 0],
			"scale": [0.375, 0.375, 0.375]
		},
		"firstperson_righthand": {
			"rotation": [0, 45, 0],
			"scale": [0.4, 0.4, 0.4]
		},
		"firstperson_lefthand": {
			"rotation": [0, 225, 0],
			"scale": [0.4, 0.4, 0.4]
		},
		"ground": {
			"translation": [0, 3, 0],
			"scale": [0.25, 0.25, 0.25]
		},
		"gui": {
			"rotation": [27, -38, 0],
			"scale": [0.6, 0.6, 0.6]
		},
		"fixed": {
			"rotation": [0, -180, 0],
			"translation": [0, 0, -2.25],
			"scale": [0.5, 0.5, 0.5]
		}
	}
}