{
	"credit": "Made with Blockbench",
	"textures": {
		"0": "block/bookshelf",
		"1": "block/oak_planks",
		"particle": "block/bookshelf"
	},
	"elements": [
		{
			"from": [14, 0, 8],
			"to": [16, 16, 16],
			"faces": {
				"north": {"uv": [14, 0, 16, 16], "texture": "#1"},
				"east": {"uv": [0, 0, 8, 16], "texture": "#1"},
				"south": {"uv": [14, 0, 16, 16], "texture": "#1"},
				"west": {"uv": [0, 0, 8, 16], "texture": "#1"},
				"up": {"uv": [14, 16, 16, 8], "texture": "#1"},
				"down": {"uv": [14, 8, 16, 16], "texture": "#1"}
			}
		},
		{
			"from": [0, 0, 8],
			"to": [2, 16, 16],
			"faces": {
				"north": {"uv": [0, 0, 2, 16], "texture": "#1"},
				"east": {"uv": [8, 0, 16, 16], "texture": "#1"},
				"south": {"uv": [0, 0, 2, 16], "texture": "#1"},
				"west": {"uv": [8, 0, 16, 16], "texture": "#1"},
				"up": {"uv": [0, 16, 2, 8], "texture": "#1"},
				"down": {"uv": [0, 8, 2, 16], "texture": "#1"}
			}
		},
		{
			"from": [2, 1, 9],
			"to": [14, 7, 16],
			"faces": {
				"north": {"uv": [2, 9, 14, 15], "texture": "#0"},
				"east": {"uv": [2, 9, 3, 15], "texture": "#0"},
				"south": {"uv": [2, 9, 14, 15], "texture": "#0"},
				"west": {"uv": [13, 9, 14, 15], "texture": "#0"},
				"up": {"uv": [14, 9, 2, 10], "texture": "#0"},
				"down": {"uv": [14, 14, 2, 15], "texture": "#0"}
			}
		},
		{
			"from": [2, 9, 9],
			"to": [14, 15, 16],
			"faces": {
				"north": {"uv": [2, 1, 14, 7], "texture": "#0"},
				"east": {"uv": [2, 1, 3, 7], "texture": "#0"},
				"south": {"uv": [2, 1, 14, 7], "texture": "#0"},
				"west": {"uv": [13, 1, 14, 7], "texture": "#0"},
				"up": {"uv": [14, 1, 2, 2], "texture": "#0"},
				"down": {"uv": [14, 6, 2, 7], "texture": "#0"}
			}
		},
		{
			"from": [2, 0, 8],
			"to": [14, 1, 16],
			"faces": {
				"north": {"uv": [2, 15, 14, 16], "texture": "#1"},
				"east": {"uv": [2, 8, 10, 9], "texture": "#1"},
				"south": {"uv": [2, 15, 14, 16], "texture": "#1"},
				"west": {"uv": [2, 8, 10, 9], "texture": "#1"},
				"up": {"uv": [2, 7, 14, 15], "texture": "#1"},
				"down": {"uv": [2, 8, 14, 16], "texture": "#1"}
			}
		},
		{
			"from": [2, 7, 8],
			"to": [14, 8, 16],
			"faces": {
				"north": {"uv": [2, 11, 14, 12], "texture": "#1"},
				"east": {"uv": [2, 8, 10, 9], "texture": "#1"},
				"south": {"uv": [2, 11, 14, 12], "texture": "#1"},
				"west": {"uv": [2, 8, 10, 9], "texture": "#1"},
				"up": {"uv": [2, 7, 14, 15], "texture": "#1"},
				"down": {"uv": [2, 8, 14, 16], "texture": "#1"}
			}
		},
		{
			"from": [2, 8, 8],
			"to": [14, 9, 16],
			"faces": {
				"north": {"uv": [2, 7, 14, 8], "texture": "#1"},
				"east": {"uv": [2, 8, 10, 9], "texture": "#1"},
				"south": {"uv": [2, 7, 14, 8], "texture": "#1"},
				"west": {"uv": [2, 8, 10, 9], "texture": "#1"},
				"up": {"uv": [2, 7, 14, 15], "texture": "#1"},
				"down": {"uv": [2, 8, 14, 16], "texture": "#1"}
			}
		},
		{
			"from": [2, 15, 8],
			"to": [14, 16, 16],
			"faces": {
				"north": {"uv": [2, 3, 14, 4], "texture": "#1"},
				"east": {"uv": [2, 8, 10, 9], "texture": "#1"},
				"south": {"uv": [2, 3, 14, 4], "texture": "#1"},
				"west": {"uv": [2, 8, 10, 9], "texture": "#1"},
				"up": {"uv": [2, 7, 14, 15], "texture": "#1"},
				"down": {"uv": [2, 8, 14, 16], "texture": "#1"}
			}
		},
		{
			"from": [2, 15, 8],
			"to": [14, 16, 16],
			"faces": {
				"north": {"uv": [2, 7, 14, 8], "texture": "#1"},
				"east": {"uv": [2, 8, 10, 9], "texture": "#1"},
				"south": {"uv": [2, 7, 14, 8], "texture": "#1"},
				"west": {"uv": [2, 8, 10, 9], "texture": "#1"},
				"up": {"uv": [2, 7, 14, 15], "texture": "#1"},
				"down": {"uv": [2, 8, 14, 16], "texture": "#1"}
			}
		}
	],
	"display": {
		"thirdperson_righthand": {
			"rotation": [75, 45, 0],
			"translation": [0, 2.5, 0],
			"scale": [0.375, 0.375, 0.375]
		},
		"thirdperson_lefthand": {
			"rotation": [75, 45, 0],
			"translation": [0, 2.5, 0],
			"scale": [0.375, 0.375, 0.375]
		},
		"firstperson_righthand": {
			"rotation": [0, 45, 0],
			"scale": [0.4, 0.4, 0.4]
		},
		"firstperson_lefthand": {
			"rotation": [0, 225, 0],
			"scale": [0.4, 0.4, 0.4]
		},
		"ground": {
			"translation": [0, 3, 0],
			"scale": [0.25, 0.25, 0.25]
		},
		"gui": {
			"rotation": [27, -38, 0],
			"translation": [1.5, 1, 0],
			"scale": [0.6, 0.6, 0.6]
		},
		"fixed": {
			"translation": [0, 0, -3.25],
			"scale": [0.5, 0.5, 0.5]
		}
	}
}