{
	"credit": "Made with Blockbench",
	"textures": {
		"0": "block/oak_planks",
		"particle": "block/oak_planks"
	},
	"elements": [
		{
			"from": [10, 13, 2],
			"to": [14, 15, 6],
			"faces": {
				"north": {"uv": [2, 0, 6, 2], "texture": "#0"},
				"east": {"uv": [2, 8, 6, 10], "texture": "#0"},
				"south": {"uv": [10, 0, 14, 2], "texture": "#0"},
				"west": {"uv": [10, 8, 14, 10], "texture": "#0"},
				"up": {"uv": [2, 4, 6, 8], "texture": "#0"},
				"down": {"uv": [10, 4, 14, 8], "texture": "#0"}
			}
		},
		{
			"from": [10, 0, 2],
			"to": [14, 2, 6],
			"faces": {
				"north": {"uv": [12, 0, 16, 2], "texture": "#0"},
				"east": {"uv": [12, 4, 16, 6], "texture": "#0"},
				"south": {"uv": [12, 0, 16, 2], "texture": "#0"},
				"west": {"uv": [12, 4, 16, 6], "texture": "#0"},
				"up": {"uv": [12, 8, 16, 12], "texture": "#0"},
				"down": {"uv": [12, 8, 16, 12], "texture": "#0"}
			}
		},
		{
			"from": [11, 2, 3],
			"to": [13, 13, 5],
			"faces": {
				"north": {"uv": [5, 9, 15, 11], "rotation": 90, "texture": "#0"},
				"east": {"uv": [5, 9, 15, 11], "rotation": 90, "texture": "#0"},
				"south": {"uv": [5, 9, 15, 11], "rotation": 90, "texture": "#0"},
				"west": {"uv": [5, 9, 15, 11], "rotation": 90, "texture": "#0"},
				"up": {"uv": [0, 0, 2, 2], "texture": "#0"},
				"down": {"uv": [0, 0, 2, 2], "texture": "#0"}
			}
		},
		{
			"from": [14, 14, 2],
			"to": [16, 15, 6],
			"faces": {
				"north": {"uv": [0, 0, 2, 1], "texture": "#0"},
				"east": {"uv": [0, 2, 4, 3], "texture": "#0"},
				"south": {"uv": [14, 0, 16, 1], "texture": "#0"},
				"west": {"uv": [12, 2, 16, 3], "texture": "#0"},
				"up": {"uv": [0, 4, 2, 8], "texture": "#0"},
				"down": {"uv": [14, 4, 16, 8], "texture": "#0"}
			}
		},
		{
			"from": [8, 14, 2],
			"to": [10, 15, 6],
			"faces": {
				"north": {"uv": [6, 0, 8, 1], "texture": "#0"},
				"east": {"uv": [6, 2, 10, 3], "texture": "#0"},
				"south": {"uv": [8, 0, 10, 1], "texture": "#0"},
				"west": {"uv": [6, 2, 10, 3], "texture": "#0"},
				"up": {"uv": [6, 4, 8, 8], "texture": "#0"},
				"down": {"uv": [8, 4, 10, 8], "texture": "#0"}
			}
		},
		{
			"from": [2, 13, 2],
			"to": [6, 15, 6],
			"faces": {
				"north": {"uv": [10, 0, 14, 2], "texture": "#0"},
				"east": {"uv": [10, 8, 14, 10], "texture": "#0"},
				"south": {"uv": [2, 0, 6, 2], "texture": "#0"},
				"west": {"uv": [2, 8, 6, 10], "texture": "#0"},
				"up": {"uv": [10, 4, 14, 8], "texture": "#0"},
				"down": {"uv": [2, 4, 6, 8], "texture": "#0"}
			}
		},
		{
			"from": [2, 0, 2],
			"to": [6, 2, 6],
			"faces": {
				"north": {"uv": [0, 0, 4, 2], "texture": "#0"},
				"east": {"uv": [0, 4, 4, 6], "texture": "#0"},
				"south": {"uv": [0, 0, 4, 2], "texture": "#0"},
				"west": {"uv": [0, 4, 4, 6], "texture": "#0"},
				"up": {"uv": [0, 8, 4, 12], "texture": "#0"},
				"down": {"uv": [0, 8, 4, 12], "texture": "#0"}
			}
		},
		{
			"from": [3, 2, 3],
			"to": [5, 13, 5],
			"faces": {
				"north": {"uv": [5, 9, 15, 11], "rotation": 90, "texture": "#0"},
				"east": {"uv": [5, 9, 15, 11], "rotation": 90, "texture": "#0"},
				"south": {"uv": [5, 9, 15, 11], "rotation": 90, "texture": "#0"},
				"west": {"uv": [5, 9, 15, 11], "rotation": 90, "texture": "#0"},
				"up": {"uv": [0, 0, 2, 2], "texture": "#0"},
				"down": {"uv": [0, 0, 2, 2], "texture": "#0"}
			}
		},
		{
			"from": [0, 14, 2],
			"to": [2, 15, 6],
			"faces": {
				"north": {"uv": [14, 0, 16, 1], "texture": "#0"},
				"east": {"uv": [12, 2, 16, 3], "texture": "#0"},
				"south": {"uv": [0, 0, 2, 1], "texture": "#0"},
				"west": {"uv": [0, 2, 4, 3], "texture": "#0"},
				"up": {"uv": [14, 4, 16, 8], "texture": "#0"},
				"down": {"uv": [0, 4, 2, 8], "texture": "#0"}
			}
		},
		{
			"from": [6, 14, 2],
			"to": [8, 15, 6],
			"faces": {
				"north": {"uv": [8, 0, 10, 1], "texture": "#0"},
				"east": {"uv": [6, 2, 10, 3], "texture": "#0"},
				"south": {"uv": [6, 0, 8, 1], "texture": "#0"},
				"west": {"uv": [6, 2, 10, 3], "texture": "#0"},
				"up": {"uv": [8, 4, 10, 8], "texture": "#0"},
				"down": {"uv": [6, 4, 8, 8], "texture": "#0"}
			}
		}
	],
	"display": {
		"thirdperson_righthand": {
			"rotation": [75, 45, 0],
			"translation": [0, 2.5, 0],
			"scale": [0.375, 0.375, 0.375]
		},
		"thirdperson_lefthand": {
			"rotation": [75, 45, 0],
			"translation": [0, 2.5, 0],
			"scale": [0.375, 0.375, 0.375]
		},
		"firstperson_righthand": {
			"rotation": [0, 45, 0],
			"scale": [0.4, 0.4, 0.4]
		},
		"firstperson_lefthand": {
			"rotation": [0, 225, 0],
			"scale": [0.4, 0.4, 0.4]
		},
		"ground": {
			"translation": [0, 3, 0],
			"scale": [0.25, 0.25, 0.25]
		},
		"gui": {
			"rotation": [27, -38, 0],
			"scale": [0.6, 0.6, 0.6]
		},
		"fixed": {
			"scale": [0.5, 0.5, 0.5]
		}
	},
	"groups": [
		{
			"name": "group",
			"origin": [0, 0, 0],
			"color": 0,
			"children": [0, 1, 2, 3, 4]
		},
		{
			"name": "group",
			"origin": [0, 0, 0],
			"color": 0,
			"children": [5, 6, 7, 8, 9]
		}
	]
}