{
	"credit": "Made with Blockbench",
	"textures": {
		"0": "block/oak_planks",
		"particle": "block/oak_planks"
	},
	"elements": [
		{
			"from": [2, 13, 2],
			"to": [6, 15, 6],
			"rotation": {"angle": 0, "axis": "y", "origin": [4, 0, 4]},
			"faces": {
				"north": {"uv": [2, 8, 6, 10], "texture": "#0"},
				"east": {"uv": [10, 0, 14, 2], "texture": "#0"},
				"south": {"uv": [10, 8, 14, 10], "texture": "#0"},
				"west": {"uv": [2, 0, 6, 2], "texture": "#0"},
				"up": {"uv": [7, 4, 11, 8], "rotation": 90, "texture": "#0"},
				"down": {"uv": [2, 4, 6, 8], "rotation": 270, "texture": "#0"}
			}
		},
		{
			"from": [2, 0, 2],
			"to": [6, 2, 6],
			"rotation": {"angle": 0, "axis": "y", "origin": [4, 0, 4]},
			"faces": {
				"north": {"uv": [0, 4, 4, 6], "texture": "#0"},
				"east": {"uv": [0, 0, 4, 2], "texture": "#0"},
				"south": {"uv": [0, 4, 4, 6], "texture": "#0"},
				"west": {"uv": [0, 0, 4, 2], "texture": "#0"},
				"up": {"uv": [0, 8, 4, 12], "rotation": 90, "texture": "#0"},
				"down": {"uv": [0, 8, 4, 12], "rotation": 270, "texture": "#0"}
			}
		},
		{
			"from": [3, 2, 3],
			"to": [5, 13, 5],
			"rotation": {"angle": 0, "axis": "y", "origin": [4, 0, 4]},
			"faces": {
				"north": {"uv": [5, 9, 15, 11], "rotation": 90, "texture": "#0"},
				"east": {"uv": [5, 9, 15, 11], "rotation": 90, "texture": "#0"},
				"south": {"uv": [5, 9, 15, 11], "rotation": 90, "texture": "#0"},
				"west": {"uv": [5, 9, 15, 11], "rotation": 90, "texture": "#0"},
				"up": {"uv": [0, 0, 2, 2], "rotation": 90, "texture": "#0"},
				"down": {"uv": [0, 0, 2, 2], "rotation": 270, "texture": "#0"}
			}
		}
	],
	"display": {
		"thirdperson_righthand": {
			"rotation": [75, 45, 0],
			"translation": [0, 2.5, 0],
			"scale": [0.375, 0.375, 0.375]
		},
		"thirdperson_lefthand": {
			"rotation": [75, 45, 0],
			"translation": [0, 2.5, 0],
			"scale": [0.375, 0.375, 0.375]
		},
		"firstperson_righthand": {
			"rotation": [0, 45, 0],
			"scale": [0.4, 0.4, 0.4]
		},
		"firstperson_lefthand": {
			"rotation": [0, 225, 0],
			"scale": [0.4, 0.4, 0.4]
		},
		"ground": {
			"translation": [0, 3, 0],
			"scale": [0.25, 0.25, 0.25]
		},
		"gui": {
			"rotation": [27, -38, 0],
			"scale": [0.6, 0.6, 0.6]
		},
		"fixed": {
			"scale": [0.5, 0.5, 0.5]
		}
	},
	"groups": [
		{
			"name": "group",
			"origin": [0, 0, 0],
			"color": 0,
			"children": [0, 1, 2]
		}
	]
}