{
  "multipart": [
    {
      "when": {"link": "false"},
      "apply": [
        { "model": "justbuildmystronghold:block/battlements_normal/battlements_normal" }
      ]
    },
    {
      "when": {"north": "true"},
      "apply": [
        { "model": "justbuildmystronghold:block/battlements_normal/battlements_normal_n" }
      ]
    },
    {
      "when": {"west": "true"},
      "apply": [
        { "model": "justbuildmystronghold:block/battlements_normal/battlements_normal_w" }
      ]
    },
    {
      "when": {"south": "true"},
      "apply": [
        { "model": "justbuildmystronghold:block/battlements_normal/battlements_normal_s" }
      ]
    },
    {
      "when": {"east": "true"},
      "apply": [
        { "model": "justbuildmystronghold:block/battlements_normal/battlements_normal_e" }
      ]
    }
  ]
}
