{
  "variants": {
    "facing=north,half=bottom,shape=straight": { "model": "justbuildmystronghold:block/quarter_slab/bricks/bricks_quarter_bottom","y": 180   },
    "facing=south,half=bottom,shape=straight": { "model": "justbuildmystronghold:block/quarter_slab/bricks/bricks_quarter_bottom","y": 0 },
    "facing=west,half=bottom,shape=straight": { "model": "justbuildmystronghold:block/quarter_slab/bricks/bricks_quarter_bottom" ,"y": 90  },
    "facing=east,half=bottom,shape=straight": { "model": "justbuildmystronghold:block/quarter_slab/bricks/bricks_quarter_bottom" ,"y": -90 },
    "facing=north,half=top,shape=straight": { "model": "justbuildmystronghold:block/quarter_slab/bricks/bricks_quarter_top","y": 180   },
    "facing=south,half=top,shape=straight": { "model": "justbuildmystronghold:block/quarter_slab/bricks/bricks_quarter_top","y": 0 },
    "facing=west,half=top,shape=straight": { "model": "justbuildmystronghold:block/quarter_slab/bricks/bricks_quarter_top" ,"y": 90  },
    "facing=east,half=top,shape=straight": { "model": "justbuildmystronghold:block/quarter_slab/bricks/bricks_quarter_top" ,"y": -90 },

    "facing=north,half=bottom,shape=outer_right":    { "model": "justbuildmystronghold:block/quarter_slab/bricks/bricks_corner_bottom_left1","y": 0 },
    "facing=north,half=bottom,shape=outer_left":     { "model": "justbuildmystronghold:block/quarter_slab/bricks/bricks_corner_bottom_right1","y": 0 },
    "facing=west,half=bottom,shape=outer_right":     { "model": "justbuildmystronghold:block/quarter_slab/bricks/bricks_corner_bottom_left1","y": -90 },
    "facing=west,half=bottom,shape=outer_left":      { "model": "justbuildmystronghold:block/quarter_slab/bricks/bricks_corner_bottom_right1","y": -90 },
    "facing=south,half=bottom,shape=outer_right":    { "model": "justbuildmystronghold:block/quarter_slab/bricks/bricks_corner_bottom_left1","y": 180 },
    "facing=south,half=bottom,shape=outer_left":     { "model": "justbuildmystronghold:block/quarter_slab/bricks/bricks_corner_bottom_right1","y": 180 },
    "facing=east,half=bottom,shape=outer_right":     { "model": "justbuildmystronghold:block/quarter_slab/bricks/bricks_corner_bottom_left1","y": 90 },
    "facing=east,half=bottom,shape=outer_left":      { "model": "justbuildmystronghold:block/quarter_slab/bricks/bricks_corner_bottom_right1","y": 90 },

    "facing=north,half=top,shape=outer_right":    { "model": "justbuildmystronghold:block/quarter_slab/bricks/bricks_corner_top_left1","y": 0  },
    "facing=north,half=top,shape=outer_left":     { "model": "justbuildmystronghold:block/quarter_slab/bricks/bricks_corner_top_right1","y": 0  },
    "facing=west,half=top,shape=outer_right":     { "model": "justbuildmystronghold:block/quarter_slab/bricks/bricks_corner_top_left1","y": -90 },
    "facing=west,half=top,shape=outer_left":      { "model": "justbuildmystronghold:block/quarter_slab/bricks/bricks_corner_top_right1","y": -90 },
    "facing=south,half=top,shape=outer_right":    { "model": "justbuildmystronghold:block/quarter_slab/bricks/bricks_corner_top_left1","y": 180 },
    "facing=south,half=top,shape=outer_left":     { "model": "justbuildmystronghold:block/quarter_slab/bricks/bricks_corner_top_right1","y": 180 },
    "facing=east,half=top,shape=outer_right":     { "model": "justbuildmystronghold:block/quarter_slab/bricks/bricks_corner_top_left1","y": 90 },
    "facing=east,half=top,shape=outer_left":      { "model": "justbuildmystronghold:block/quarter_slab/bricks/bricks_corner_top_right1","y": 90 },

    "facing=north,half=bottom,shape=inner_right":    { "model": "justbuildmystronghold:block/quarter_slab/bricks/bricks_corner_bottom_right","y": 180 },
    "facing=north,half=bottom,shape=inner_left":     { "model": "justbuildmystronghold:block/quarter_slab/bricks/bricks_corner_bottom_left","y": 180 },
    "facing=west,half=bottom,shape=inner_right":     { "model": "justbuildmystronghold:block/quarter_slab/bricks/bricks_corner_bottom_right","y": 90 },
    "facing=west,half=bottom,shape=inner_left":      { "model": "justbuildmystronghold:block/quarter_slab/bricks/bricks_corner_bottom_left","y": 90 },
    "facing=south,half=bottom,shape=inner_right":    { "model": "justbuildmystronghold:block/quarter_slab/bricks/bricks_corner_bottom_right","y": 0 },
    "facing=south,half=bottom,shape=inner_left":     { "model": "justbuildmystronghold:block/quarter_slab/bricks/bricks_corner_bottom_left","y": 0 },
    "facing=east,half=bottom,shape=inner_right":     { "model": "justbuildmystronghold:block/quarter_slab/bricks/bricks_corner_bottom_right","y": -90 },
    "facing=east,half=bottom,shape=inner_left":      { "model": "justbuildmystronghold:block/quarter_slab/bricks/bricks_corner_bottom_left","y": -90 },

    "facing=north,half=top,shape=inner_right":    { "model": "justbuildmystronghold:block/quarter_slab/bricks/bricks_corner_top_right","y": 180 },
    "facing=north,half=top,shape=inner_left":     { "model": "justbuildmystronghold:block/quarter_slab/bricks/bricks_corner_top_left","y": 180 },
    "facing=west,half=top,shape=inner_right":     { "model": "justbuildmystronghold:block/quarter_slab/bricks/bricks_corner_top_right","y": 90 },
    "facing=west,half=top,shape=inner_left":      { "model": "justbuildmystronghold:block/quarter_slab/bricks/bricks_corner_top_left","y": 90 },
    "facing=south,half=top,shape=inner_right":    { "model": "justbuildmystronghold:block/quarter_slab/bricks/bricks_corner_top_right","y": 0 },
    "facing=east,half=top,shape=inner_right":     { "model": "justbuildmystronghold:block/quarter_slab/bricks/bricks_corner_top_left","y": 0 },
    "facing=south,half=top,shape=inner_left":     { "model": "justbuildmystronghold:block/quarter_slab/bricks/bricks_corner_top_right","y": -90 },
    "facing=east,half=top,shape=inner_left":      { "model": "justbuildmystronghold:block/quarter_slab/bricks/bricks_corner_top_left","y": -90 }
  }
}
