{
  "variants": {
    "facing=south,half=lower,hinge=left,open=false":   { "model": "justbuildmystronghold:block/window/window_base_left_botton_close", "y": 0   },
    "facing=west,half=lower,hinge=left,open=false":  { "model": "justbuildmystronghold:block/window/window_base_left_botton_close", "y": 90  },
    "facing=north,half=lower,hinge=left,open=false":   { "model": "justbuildmystronghold:block/window/window_base_left_botton_close", "y": 180 },
    "facing=east,half=lower,hinge=left,open=false":  { "model": "justbuildmystronghold:block/window/window_base_left_botton_close", "y": 270 },

    "facing=south,half=lower,hinge=left,open=true":   { "model": "justbuildmystronghold:block/window/window_base_left_botton_open", "y": 0   },
    "facing=west,half=lower,hinge=left,open=true":    { "model": "justbuildmystronghold:block/window/window_base_left_botton_open", "y": 90  },
    "facing=north,half=lower,hinge=left,open=true":   { "model": "justbuildmystronghold:block/window/window_base_left_botton_open", "y": 180 },
    "facing=east,half=lower,hinge=left,open=true":    { "model": "justbuildmystronghold:block/window/window_base_left_botton_open", "y": 270 },

    "facing=south,half=lower,hinge=right,open=true":  { "model": "justbuildmystronghold:block/window/window_base_right_botton_open", "y": 0   },
    "facing=west,half=lower,hinge=right,open=true":   { "model": "justbuildmystronghold:block/window/window_base_right_botton_open", "y": 90  },
    "facing=north,half=lower,hinge=right,open=true":  { "model": "justbuildmystronghold:block/window/window_base_right_botton_open", "y": 180 },
    "facing=east,half=lower,hinge=right,open=true":   { "model": "justbuildmystronghold:block/window/window_base_right_botton_open", "y": 270 },

    "facing=south,half=lower,hinge=right,open=false":  { "model": "justbuildmystronghold:block/window/window_base_right_botton_close", "y": 0   },
    "facing=west,half=lower,hinge=right,open=false": { "model": "justbuildmystronghold:block/window/window_base_right_botton_close", "y": 90  },
    "facing=north,half=lower,hinge=right,open=false":  { "model": "justbuildmystronghold:block/window/window_base_right_botton_close", "y": 180 },
    "facing=east,half=lower,hinge=right,open=false": { "model": "justbuildmystronghold:block/window/window_base_right_botton_close", "y": 270 },




    "facing=south,half=upper,hinge=left,open=false":   { "model": "justbuildmystronghold:block/window/window_base_left_top_close", "y": 0},
    "facing=west,half=upper,hinge=left,open=false":  { "model": "justbuildmystronghold:block/window/window_base_left_top_close", "y": 90},
    "facing=north,half=upper,hinge=left,open=false":   { "model": "justbuildmystronghold:block/window/window_base_left_top_close", "y": 180},
    "facing=east,half=upper,hinge=left,open=false":  { "model": "justbuildmystronghold:block/window/window_base_left_top_close", "y": 270},

    "facing=south,half=upper,hinge=right,open=false":  { "model": "justbuildmystronghold:block/window/window_base_right_top_close", "y": 0},
    "facing=west,half=upper,hinge=right,open=false": { "model": "justbuildmystronghold:block/window/window_base_right_top_close", "y": 90},
    "facing=north,half=upper,hinge=right,open=false":  { "model": "justbuildmystronghold:block/window/window_base_right_top_close", "y": 180},
    "facing=east,half=upper,hinge=right,open=false": { "model": "justbuildmystronghold:block/window/window_base_right_top_close", "y": 270},

    "facing=south,half=upper,hinge=left,open=true":    { "model": "justbuildmystronghold:block/window/window_base_left_top_open", "y": 0},
    "facing=west,half=upper,hinge=left,open=true":   { "model": "justbuildmystronghold:block/window/window_base_left_top_open", "y": 90},
    "facing=north,half=upper,hinge=left,open=true":    { "model": "justbuildmystronghold:block/window/window_base_left_top_open", "y": 180},
    "facing=east,half=upper,hinge=left,open=true":   { "model": "justbuildmystronghold:block/window/window_base_left_top_open", "y": 270},

    "facing=south,half=upper,hinge=right,open=true":   { "model": "justbuildmystronghold:block/window/window_base_right_top_open", "y": 0},
    "facing=west,half=upper,hinge=right,open=true":  { "model": "justbuildmystronghold:block/window/window_base_right_top_open", "y": 90},
    "facing=north,half=upper,hinge=right,open=true":   { "model": "justbuildmystronghold:block/window/window_base_right_top_open", "y": 180},
    "facing=east,half=upper,hinge=right,open=true":  { "model": "justbuildmystronghold:block/window/window_base_right_top_open", "y": 270}
  }
}
