{
	"credit": "Made with Blockbench",
	"textures": {
		"0": "block/barrel_side",
		"particle": "block/barrel_side"
	},
	"elements": [
		{
			"from": [-1, 6, 14],
			"to": [8, 16, 16],
			"rotation": {"angle": -22.5, "axis": "y", "origin": [7.5, 11, 15]},
			"faces": {
				"north": {"uv": [11, 6, 2, 16], "texture": "#0"},
				"east": {"uv": [2, 6, 0, 16], "texture": "#0"},
				"south": {"uv": [11, 6, 2, 16], "texture": "#0"},
				"west": {"uv": [13, 6, 11, 16], "texture": "#0"},
				"up": {"uv": [2, 6, 11, 8], "rotation": 180, "texture": "#0"},
				"down": {"uv": [2, 14, 11, 16], "rotation": 180, "texture": "#0"}
			}
		}
	],
	"display": {
		"thirdperson_righthand": {
			"rotation": [75, 45, 0],
			"translation": [0, 2.5, 0],
			"scale": [0.375, 0.375, 0.375]
		},
		"thirdperson_lefthand": {
			"rotation": [75, 45, 0],
			"translation": [0, 2.5, 0],
			"scale": [0.375, 0.375, 0.375]
		},
		"firstperson_righthand": {
			"scale": [0.4, 0.4, 0.4]
		},
		"firstperson_lefthand": {
			"rotation": [0, 145, 0],
			"scale": [0.4, 0.4, 0.4]
		},
		"ground": {
			"translation": [0, 3, 0],
			"scale": [0.25, 0.25, 0.25]
		},
		"gui": {
			"rotation": [27, -38, 0],
			"translation": [0, -4, 0],
			"scale": [0.6, 0.6, 0.6]
		},
		"fixed": {
			"translation": [0, -4.5, 0],
			"scale": [0.5, 0.5, 0.5]
		}
	}
}