{
	"credit": "Made with Blockbench",
	"textures": {
		"particle": "block/barrel_side"
	},
	"elements": [
		{
			"from": [7, 0, 14],
			"to": [9, 16, 16],
			"color": 3,
			"faces": {
				"north": {"uv": [0, 0, 2, 16], "texture": "#missing"},
				"east": {"uv": [0, 0, 2, 16], "texture": "#missing"},
				"south": {"uv": [0, 0, 2, 16], "texture": "#missing"},
				"west": {"uv": [0, 0, 2, 16], "texture": "#missing"},
				"up": {"uv": [0, 0, 2, 2], "texture": "#missing"},
				"down": {"uv": [0, 0, 2, 2], "texture": "#missing"}
			}
		}
	],
	"display": {
		"thirdperson_righthand": {
			"rotation": [75, 45, 0],
			"translation": [0, 2.5, 0],
			"scale": [0.375, 0.375, 0.375]
		},
		"thirdperson_lefthand": {
			"rotation": [75, 45, 0],
			"translation": [0, 2.5, 0],
			"scale": [0.375, 0.375, 0.375]
		},
		"firstperson_righthand": {
			"scale": [0.4, 0.4, 0.4]
		},
		"firstperson_lefthand": {
			"rotation": [0, 145, 0],
			"scale": [0.4, 0.4, 0.4]
		},
		"ground": {
			"translation": [0, 3, 0],
			"scale": [0.25, 0.25, 0.25]
		},
		"gui": {
			"rotation": [27, -38, 0],
			"translation": [0, -4, 0],
			"scale": [0.6, 0.6, 0.6]
		},
		"fixed": {
			"translation": [0, -4.5, 0],
			"scale": [0.5, 0.5, 0.5]
		}
	}
}